user_id,user_name,user_email,user_phone
8d447dfe-33c9-475a-9bd4-aa5bad5cdcb8,Brian Moreno,blakeheather@example.org,522.741.7188
47c8f166-453f-4148-8424-cb9f300c16b3,Diana Rosario,tlowe@example.com,491.453.9342x697
64be6ac6-112a-4621-9b4a-fef9f4da0b09,Joan Schmidt,bryantjennifer@example.org,592.826.7819x07551
a86df357-0e6a-4276-a126-10b0172add5d,Yvette Hamilton,petersenjulie@example.com,(253)932-2999x7849
eb0e3d92-2a31-47af-acd7-25ede337ccc0,Michelle Lee,elizabethwagner@example.net,(813)959-7265
11aea08e-9d38-4dde-a70c-aad046464b19,Daniel Rush,denniswallace@example.com,449.718.1513x869
4a1f0708-8dbd-4b3c-8de2-f950e4cc024c,Lauren Nash,williamsalazar@example.com,554-816-2438x560
e6eb2ce2-f526-4b3e-ac7f-c10df8235c6f,Brian Johnston,matthewterrell@example.net,+1-518-587-8118x91790
0671681b-b013-4cb0-acbd-40eeb0563e0d,Ariel Hendrix,xramsey@example.org,749-774-6206x477
9de6b619-b456-4b99-acd3-a8ad50623261,Alexandria Smith,bakersummer@example.com,963-574-9009
8e9e50a9-7464-4ad5-b58e-921810a4b047,Madison Park,matthewphillips@example.com,646-747-2604x22676
acb1a36d-60ee-4f61-89d8-33690b596b63,Elizabeth Marks,morganmathew@example.com,745-219-9489x477
1007880f-cca8-4e03-8b19-77736e136c85,Emily Davis MD,jay00@example.com,001-471-561-2715x53809
8a0da040-3ec8-42f4-bc9a-a6389ad8eb7b,Susan Matthews,rmullins@example.net,651-486-4092
31558e7a-6f8c-49c0-8ef1-d1a284e5bf44,Mary Pacheco,amyhawkins@example.org,001-752-310-4828x85459
3a3ed955-1e2c-4c0e-90f3-1061d55f6faf,Rebecca Perry,parkswilliam@example.org,(724)609-3652
749b1171-e55a-4dad-ab36-ad2dcde328ec,Timothy Brown,nturner@example.org,418.640.9577
529bdbc0-09b3-45c8-b8f4-5b0ca0f45e84,Anthony Rios,vstephens@example.net,+1-282-458-8861x59945
6f37dd72-ba84-4701-84cc-bf44f7f3809a,Gabriel Macdonald,tiffany76@example.org,260-821-3859x63738
cc261703-5086-4178-8181-66bfffbd77ab,William Hutchinson,edwardsmelissa@example.net,001-852-942-8731x033
735f6009-3c45-4b40-9521-e9a295362ff4,Daniel Lee,smithphillip@example.org,(853)262-4213x17504
c74eea87-b211-4952-bf81-8d5860d443f4,Laura Neal,webbchristopher@example.com,001-867-822-1366
49a9312b-997d-4682-b6c9-de814396bc30,John Gonzales,vevans@example.com,735-650-1657
a0224809-8ab2-4c6a-84ff-0fe06074c1b6,Latoya Leon,kristiereilly@example.com,001-475-297-1021x66261
26583176-3324-461f-9a76-25040ebdb0ab,Lisa Young,courtneymcpherson@example.com,001-638-736-5686x18027
6c3f170d-6e55-4343-be9d-b0bd4e56dd6a,Joshua Clarke,mathewspatricia@example.org,+1-842-868-6940x80015
a66e49ca-9058-46a2-aaff-7f6f20150174,Robert Gordon,danielkelly@example.org,+1-554-220-3169x6876
c3d03bca-8ba0-431b-9bc5-4024f1cf8765,Casey Evans,johnthomas@example.com,564.651.6198x7282
aa5398d6-8ce6-4346-92e6-4d0dc0c2df1e,Robert Gallegos,williammorris@example.com,2619922370
3daf3ff6-9020-413f-92dd-79a4f8ca26d5,Elizabeth Strickland,benjamin10@example.org,462-331-5909x0840
f7c35df5-f31c-401c-8ede-83cae49e292c,Sean Combs,xgarcia@example.com,(527)740-1229x8761
d67c682a-736e-4a62-a212-3d8b50b96726,Sharon Phillips,larrymyers@example.org,+1-366-424-4300x36300
d3ecfbb5-5633-4795-af94-f6bc56856469,Christopher Gibson,craig86@example.com,733-742-1858x35786
b2d07241-6084-4fcd-a003-db2429b7437f,Jason Leach,udrake@example.com,+1-897-222-6920x8649
b16d76db-e24f-4902-89c8-ed215a106c00,Brandon Wilcox,medinaemily@example.org,+1-706-619-1790x8738
9d9488ff-b216-4a7c-9d9b-51fc0d8000f1,Brian Burch,xmitchell@example.com,+1-368-884-7159x9463
b036ba94-affc-4fab-af4d-8907944b6a54,Jason Morgan,scott64@example.net,628.513.0971x10516
a8e99c95-7edd-4a71-9d4b-783619152bb3,James Reese,christopherpacheco@example.org,001-523-771-5178x0898
7ea444ca-4bf1-413b-9a0d-000400fb32c7,Kristopher Patterson,jameswalls@example.org,001-840-256-4749x8507
abca7489-ecea-42a8-ab5b-92407dcf2de3,Sharon Howell,ynunez@example.com,001-221-314-8959x3323
35ff309d-efe7-4d04-9052-7c89ab29b50d,Tonya Brock,wadetyler@example.com,001-616-782-1120x2502
074d1e29-1806-4f4d-92b7-c8b08e72dead,Michelle Hanson,macdonaldjonathan@example.net,(826)613-5527x594
35737ad7-762d-4b97-bb1e-f80b63d9a296,Paula Alexander,dwhite@example.org,985-581-2573
47adc2dd-7b5b-4d49-bc2f-ebf9ccea5908,Amber Gonzalez,tammy72@example.net,(523)578-2069x986
46ee88a5-c7ad-42a4-a261-c843ae8728b0,Ethan Smith,thomas57@example.net,(379)488-8490
216c88e1-abe0-4dc3-9e47-5406d5a6f788,Cassidy Cummings,hmoore@example.net,650.895.5869
40ff4ed3-3ee1-42fd-bac9-b630b7d12a78,Stephanie Jordan,hogancarolyn@example.com,988.512.4375
5a04b690-cf24-4e84-8168-b912d39b539f,Jordan Armstrong,theresa25@example.com,(976)575-7491
db8e5638-82a9-416c-9502-6b6dcc1999c9,Johnathan Tran,flowersdylan@example.net,001-795-890-4628
2ee53fb4-8246-4425-b7d9-e02df0b32d65,William Miller,langelizabeth@example.com,001-785-977-1708
55ab7160-3f94-47ac-a44f-4c6e0a5d2837,Ashley Wright,debbiemendez@example.org,(379)395-7943x001
c6319859-9808-4d3a-bc7e-5856c8f414ca,Sean Stewart,brittanyrodriguez@example.org,001-583-244-8665x02577
194683d1-3e26-45f0-bf47-8e536c29973b,Laura Farrell,uporter@example.net,7706821742
eac3247d-fd60-44a3-8f0a-bbad5fdfd531,Patrick Pena,qmurray@example.com,001-863-917-3986
c0902024-d478-4303-b590-e505ef1d823a,Elizabeth Foster,luisbuchanan@example.org,+1-580-219-3343x00853
26c5dfa2-9325-4814-b7c2-469a6ac7013a,Jennifer Miller,pturner@example.org,6819998431
ae9e3240-34d7-495f-8e53-74f429f84cae,Michael Davis,rosscharles@example.org,001-966-577-1418x931
7c6d1656-1a90-4fd7-90bc-186de92ab4e7,Joseph Harrell,julie36@example.net,718.277.4924x1276
49a960f3-21e3-45e6-bdd8-12d351b98695,Amanda Schmidt,laura08@example.org,863-413-3079x5366
c9c5061b-5cb0-4921-9b18-e4b65ed92fdd,Zachary Simpson,jjames@example.org,639-309-5678x954
79523354-7cc5-402a-a41a-6c332fd3362c,Michael Williams,jeremy07@example.net,547-755-8107
a27a0e31-c3cc-426b-a3bd-4288f3c74d53,Courtney Evans,taylorstephanie@example.net,+1-613-775-7552
6fb7691c-fbf9-4381-8ef5-3aac27255399,Travis Hicks,vanessaevans@example.net,+1-411-706-7198
d7fff8f7-6639-460b-983d-0129cbcc8891,Roger Jones,jason55@example.com,001-490-880-2363
4608658e-3ad2-4387-9494-cd7677eab5af,Tanya Ortega,franksanchez@example.com,263.703.9441
cd4f8b16-ec37-4db8-88ca-b642d3c87ba2,Chad Adams,colin16@example.com,(639)492-6195x774
f2f97e93-054b-4f74-a8c2-15dbe77cd588,Jason Myers,frank07@example.net,4132560174
12d845e9-22a2-4cb5-bef5-2121c7eae759,Jeremy Stanley,tomespinoza@example.org,(682)561-3988x401
c9bff789-e136-4e3b-b8b7-46734964a1d5,David Li,haleyhowell@example.net,8492967546
ad248e90-5244-497f-bd4c-f4e0a8316d50,Alexandria Patel,brownkatherine@example.org,+1-205-903-8321x06347
0e7e73d7-8311-464b-b77b-623ea1ea00c4,Robert Nguyen,kenneth84@example.net,419-425-7490x275
22e68b77-d239-47e4-9109-f819b629d849,Nancy Wallace,steven41@example.net,(883)542-6415
a98d9008-ced5-4c52-a72e-dd97a825bd15,Mrs. Natalie Brown,tmanning@example.com,(680)468-5810x84145
d163438b-7417-4737-89fa-fae5e45f4546,Tiffany Ayala,fschultz@example.net,001-546-760-0400x28133
f881da73-2d0d-47f5-96d0-2117b165bec2,Allison Moody,pgolden@example.com,(502)360-4851x134
f03a6b48-0c1c-41ac-85f9-d39478d7f952,Michael Phillips,austinshannon@example.com,655-608-4711x5649
86880ad1-de45-45f4-b7dd-a468ee90cb81,David Smith,rodriguezrobert@example.net,263.793.6599
c3b2c4d5-6b09-4d05-885e-c8c0ac95b1f5,Anthony Walter,nyoung@example.net,641.997.8244x975
bf312e20-dd41-43d1-bb34-b6e3aa49839f,Michelle Turner,andrea68@example.com,(249)379-9061
cc39a41b-0fc6-4236-acff-bf1359989337,Stephanie Fritz,lindsey74@example.net,+1-628-351-3645
54dec951-3050-418f-ba08-93f21c89f2a6,Robert Hill,walkernancy@example.net,504-674-3262
4b329264-1577-43c1-a39e-f96fd26df36e,Sharon Mason,michaelbutler@example.net,(526)207-3446x386
66c1ff58-74f9-4396-a627-f6ee86eaa57f,Jacob Stevens,ghunt@example.com,895.483.5829
d0ab1ce2-8dba-4028-89dd-bb4829187b48,Sarah Lucas,patrick98@example.com,475-764-2933x655
4ecbce5e-15f5-4a3f-9871-83c8a1b8e817,Vincent Mccoy,stephaniemurray@example.org,(824)255-0896x77043
b21786fa-f048-4434-aaaf-ee2bf560f65d,Thomas Reyes,sbennett@example.com,+1-975-639-6747
5eb0748d-c9c7-46d5-ae4b-5303e2bad242,Gene Jones,stacey81@example.org,(984)461-3633x618
1d2ef168-1264-4001-857d-7f970e8544e5,Kayla Hancock,jasonmcdonald@example.org,370.752.0798x427
9bd9f81f-f556-44b5-b0b7-316d2b5f3828,Kelly Snyder,nataliesmith@example.org,983-685-9996
b4d8abd1-ccae-4661-92aa-d738219cfcc4,Patricia Davis,christopher70@example.org,520-918-0521x5496
00ee2633-64ab-4d53-9d96-689b4a2d0e1e,Jonathan Reynolds,terrancecain@example.com,233.438.0950
5b55c2d5-28ae-4f58-955d-beadc50f2d3e,Shannon Shah,jessicamurphy@example.com,864-900-0286x5304
c62fb39e-0c73-4c1c-af81-2164d128545a,Miss Kimberly Trujillo MD,christopher29@example.net,001-550-582-1195x150
148160e3-827b-4a0f-989b-d0f3f7d3385b,Andrea Coleman,smarks@example.org,346-426-1082
3612b05e-b718-41ee-90c8-effc8ee1cb25,Bryan Romero,nicole14@example.net,001-825-890-1915x803
47f44367-480c-4e29-9035-a193c7dea772,Chad Harris,thompsonsydney@example.net,4499169225
c9c534ca-b40b-473b-9eda-60d6a3c042bd,Claudia Wilson,donnabrown@example.net,(402)355-6169
757ae8a5-0ad3-4f56-b20f-8413b5edc6c7,Susan Miller,zacharymcdonald@example.org,243-724-8256x729
2862135f-02b7-414f-ab3b-e4c7a9926441,Bruce Jones,smithlisa@example.org,(785)797-6316x63177
36dfb287-d549-4864-b9a5-807d8b799172,Frederick Gutierrez,igonzalez@example.org,(234)784-3858
